"1","1","655","1","26257.00","Deposito","2/19/2014","Banrural con cheque de otro banco b/ 65901527"
"2","2","248","32","5224.14","Efectivo","2/20/2014","Cancelacion Total"
"3","1","869","3","3000.00","Deposito","2/21/2014","B Industrial  EL DIA 20 de febrero  "
"4","1","2860","3","1150.00","Cheque","2/21/2014","Cheque # 10324 banrural tesorero municipal de san jose la arada "
"5","1","2009","3","74.50","Efectivo","2/21/2014","/"
"6","1","357","3","515.00","Deposito","2/21/2014","banrural este dia "
"7","1","110","1","2495.00","Deposito","2/24/2014","En banrural. Boleta # 81121589. el dia viernes 21"
"8","1","52","3","1000.00","Efectivo","2/24/2014","Se le Hizo la venta y se genero un pago para que quedara comprobante al cliente "
"9","1","1118","3","1500.00","Efectivo","2/25/2014","/"
"10","1","2643","6","5150.00","Deposito","2/24/2014","Cancelacion de factura"
"11","1","3658","2","600.00","Efectivo","2/26/2014","Abono parcial, tambien debe un estuche para tablet"
"12","1","4020","2","4495.00","Efectivo","2/26/2014","Abonado a la cuenta de coosajo RL"
"13","1","3079","3","950.00","Efectivo","2/27/2014","/"
"14","1","52","3","200.00","Efectivo","2/28/2014","/"
"15","1","52","3","100.00","Efectivo","2/28/2014","/"
"16","1","869","5","1250.00","Efectivo","3/1/2014","CancelaciÃ³n Total sobre Deuda"
"17","1","1118","3","1899.00","Efectivo","3/4/2014","/"
"18","1","2348","2","483.00","Deposito","3/4/2014","Boleta 75412933 Banrural, el 4-3-14"
"19","1","2348","2","83.50","Deposito","3/4/2014","Boleta Banrual 75412933 4-3-14, este abono tendria que ser para primer letra disco duro"
"20","1","3795","2","5000.00","Deposito","3/4/2014","Boleta banrural 80041975 4-3-14"
"21","1","924","25","240.00","Cheque","3/5/2014","BAM #45701816 PRINTER CHIQUMULA "
"22","1","1939","2","2617.00","Deposito","3/4/2014","Este abono fue con una Ipad mini vendida en Q4,500.00, de aqui se pagaran Q825 a intel PC que devia por soporte y le quedara un saldo a favor de Q1,058"
"23","1","49","2","1839.99","Deposito","3/4/2014","Esto se usara para pagar 2 meses de publicidad junto con 3 sillas, estara pago hasta agosto 2014"
"24","1","1141","2","1400.00","Efectivo","3/4/2014","Se desconto del salario de febrero"
"25","1","436","2","479.00","Efectivo","3/4/2014","Se desconto del salario de febrero"
"26","1","182","2","60.00","Efectivo","3/4/2014","se desconto del salario febrero"
"27","1","3016","3","20460.00","Cheque","3/6/2014","Banrural cheque  #888 Copan chorti 21,255.00  795.00 son adelanto de baterÃ­a "
"28","1","664","2","36974.00","Deposito","3/6/2014","Depostio a Click BI Boleta No. 527002 fecha 3-3-14"
"29","1","52","3","500.00","Efectivo","3/6/2014","Abono parcial"
"30","1","3488","24","180.00","Efectivo","3/6/2014","abono de credito en efectivo"
"31","1","3488","1","5.00","Efectivo","3/6/2014","cancelacion de credito"
"32","1","2645","3","216.00","Deposito","3/7/2014","banrural # boleta 64533241 06/03/2014"
"33","1","2382","3","7225.00","Deposito","3/7/2014","banrural boleta 74394343 "
"34","1","303","2","1340.00","Deposito","3/7/2014","Deposito en banrural 67334838"
"35","1","2944","25","1300.00","Efectivo","3/7/2014","efectivo se retiro de la coosajo, por un deposito que realizaron desde esquipulas a la cuenta de salva"
"36","1","4115","25","3150.00","Efectivo","3/7/2014","el efectivo se retiro de la coosajo de la cuenta de salva por un deposito que se realizo desde esquipulas"
"37","1","2954","3","8195.00","Deposito","3/7/2014","cheque se deposito no boleta 76542940"
"38","1","290","3","1375.00","Cheque","3/10/2014","Banruarla cheque No 14224 Distribuidora de Teculutan S.A"
"39","1","770","3","2366.00","Deposito","3/10/2014","Banrural boleta 82020791 el 8/03/2014"
"40","1","1141","25","38.00","Efectivo","3/11/2014","pago de limpia pantalla"
"41","1","4212","25","44.00","Efectivo","3/12/2014","pago de un limpia contactos"
"42","2","3598","32","42795.90","Deposito","3/12/2014","+"
"43","1","770","3","3280.00","Deposito","3/14/2014","12/03/2014 No74398428"
"44","1","548","6","46435.00","Cheque","3/14/2014","Se saco de la coosajo en dos cheques"
"45","1","19","6","275.00","Efectivo","3/11/2014","Abono"
"46","1","19","6","1086.00","Cheque","3/11/2014","Cancelacion factura 11533 con cheque de Coosajo"
"47","1","3863","6","215.00","Cheque","3/11/2014","Abono total"
"48","1","3016","3","1295.00","Cheque","3/14/2014","No 897 banrural "
"49","1","4153","5","500.00","Efectivo","3/15/2014","Abono Sabado Devolverle chequen que dejo"
"50","1","664","6","53069.00","Deposito","3/13/2014","Cancelacion de factura"
"51","1","872","3","1152.25","Cheque","3/17/2014","No 691 Industrial (cooperativa chiquimullja )"
"52","1","1623","24","48.00","Efectivo","3/17/2014","pago Memoria usb 8gb"
"53","1","4193","3","1450.00","Tarjeta","3/17/2014","/"
"54","1","4193","3","1900.00","Efectivo","3/17/2014","/"
"55","1","3079","24","1700.00","Efectivo","3/18/2014","/"
"57","1","10","6","120000.00","Deposito","3/6/2014","Dos depositos de 60,000 echos en GYT"
"58","1","3609","6","3400.00","Deposito","3/18/2014","Cancelacion"
"59","1","3890","6","3000.00","Deposito","3/18/2014","Cancelacion"
"60","1","318","6","3000.00","Deposito","3/18/2014","Abono "
"61","1","723","6","34678.00","Deposito","3/18/2014","Abono para cancelar dos facturas"
"62","1","2348","2","888.50","Deposito","3/17/2014","Con esto se cancela la camara y se le abona la primer letra al disco duro"
"63","1","3939","3","32360.00","Cheque","3/19/2014","GyT No 86257382 Instituciones Educativas "
"64","1","238","3","45.00","Tarjeta","3/19/2014","/"
"65","1","410","6","2813.00","Deposito","3/19/2014","Cancelacion de factura"
"66","1","559","3","560.00","Deposito","3/19/2014","No 82098338 banrural"
"67","1","3079","1","650.00","Efectivo","3/20/2014","abono de computadora amd a4 "
"68","1","962","3","3305.00","Deposito","3/20/2014","deposito con cheque No. 151 Banrural, depositado 20/3/14"
"69","1","4153","3","500.00","Cheque","3/20/2014","No 226 banrural elvia yolanda "
"70","1","19","5","260.00","Efectivo","3/20/2014","Abono COn Dinero que Gilder Retiro de Coosajo"
"71","1","371","6","5000.00","Efectivo","3/21/2014","Abono parcial"
"72","1","4176","1","2100.00","Efectivo","3/22/2014","cancelacion de credito."
"73","1","3983","2","35104.00","Deposito","3/24/2014","Deposito banrural 20-03-14 No. 83754431"
"74","1","3795","2","8345.00","Deposito","3/24/2014","Deposito Banrural No. 81607900 22-3-14"
"75","1","3755","3","400.00","Cheque","3/24/2014","No 1162 Brenda Palencia Banrural "
"76","1","3755","3","204.00","Efectivo","3/24/2014","/"
"77","1","238","3","155.00","Efectivo","3/24/2014","/"
"78","1","1741","3","686.00","Deposito","3/24/2014","Deposito con cheque de otro banco a banrural "
"79","1","654","3","64.00","Deposito","3/24/2014","/"
"80","1","3016","24","2085.00","Cheque","3/25/2014","abono al credito con cheque numero 00000907 de banrural"
"81","1","872","25","3069.00","Cheque","3/25/2014","cancelacion de ups y camaras web"
"82","1","655","2","39057.00","Deposito","3/26/2014","Abono a banrural con cheque de otro banco, No. 82120176"
"83","1","3795","2","6200.00","Deposito","3/26/2014","Deposito a banrural con cheque de otro banco No. 81610589"
"84","1","5","3","470.00","Deposito","3/27/2014","El devolbio una tarjeta de video, con esto pago el credito."
"86","1","1741","3","11869.61","Cheque","3/27/2014","Cheque BI No. 11,869.64"
"87","1","83","2","1100.00","Efectivo","3/27/2014","Abono con un pago de honorarios e iva de el mes de febrero"
"88","1","155","3","173.00","Deposito","3/28/2014","No 75914053 26 de marzo "
"89","1","3016","3","901.00","Cheque","3/31/2014","/953 copan chorty banrural "
"90","1","664","6","10480.00","Deposito","3/28/2014","Pago de 3 facturas"
"91","1","4231","6","2500.00","Deposito","3/31/2014","Abono parcial a una factura"
"92","1","318","6","300.00","Deposito","3/31/2014","Abono para cancelar factura"
"93","1","3056","6","4900.00","Efectivo","3/31/2014","Cancelacion de factura"
"94","1","110","1","1260.00","Deposito","4/1/2014","deposito en banrural con boleta #88208092"
"95","1","182","3","178.00","Efectivo","4/1/2014","/"
"96","1","436","3","73.00","Efectivo","4/1/2014","/"
"97","1","4212","3","190.00","Efectivo","4/1/2014","/"
"98","1","568","3","398.00","Efectivo","4/1/2014","/"
"99","1","723","24","700.00","Efectivo","4/2/2014","/"
"100","1","2348","2","811.00","Deposito","4/2/2014","Deposito Banrural No. 54366773"
"101","1","3630","6","12499.00","Deposito","4/2/2014","Deposito en BI. Cancelacion de 2 facturas vencidas."
"102","1","110","1","3450.00","Deposito","4/2/2014","deposito en banrural boleta # 88204593"
"103","1","770","3","2393.00","Deposito","4/2/2014","No 85866038 BANRURAL "
"104","2","3598","32","519383.77","Deposito","4/3/2014","Ce actualizo deuda de Click a Bodega"
"105","1","840","2","225.00","Deposito","4/3/2014","Deposito Banrural No. 81162892"
"106","1","3795","2","12200.00","Deposito","4/3/2014","Deposito BAnrural 86269421 cheque ajeno"
"107","1","582","25","1280.00","Efectivo","4/7/2014","cancelacion de tatjeta grafica gtx 660"
"108","1","52","3","600.00","Efectivo","4/7/2014","/"
"110","1","3082","3","7896.00","Deposito","4/8/2014","banrural"
"111","1","4231","6","2000.00","Deposito","4/7/2014","Banrural 86363473"
"112","1","4231","6","1850.00","Deposito","4/8/2014","Banrural 86353263"
"113","1","872","25","995.00","Deposito","4/10/2014","Cheque de otro banco depposito No 86647146"
"114","2","3598","32","12831.31","Deposito","4/10/2014","ActualizaciÃ³n de Deuda de Click"
"115","2","3598","32","2367.69","Deposito","4/10/2014","Actualizacion de Deuda Click"
"116","1","3658","2","295.00","Efectivo","4/8/2014","Retirado de la coosajo"
"117","1","548","6","25000.00","Deposito","4/10/2014","Abono parcial"
"118","2","248","32","14048.98","Deposito","4/10/2014","Cancelaci[on Total de Deuda Quezaltepeque"
"119","1","4350","3","5725.00","Deposito","4/11/2014","En B.I  LO REVISO SALVADOR "
"120","1","83","24","1511.00","Efectivo","4/11/2014","/"
"121","1","4355","3","325.00","Cheque","4/11/2014","Cheque Banrural No. 1122"
"122","1","962","3","4542.00","Deposito","4/15/2014","depositoo 80805832"
"123","1","328","3","1850.00","Deposito","4/15/2014","No boleta 80805832 banruaral"
"124","1","664","6","50503.00","Deposito","4/16/2014","Cancelacion de 5 facturas vencidas deposito en el BI num doc 551002"
"125","1","10","6","50000.00","Deposito","4/15/2014","Deposito BI No. doc. 43731723"
"126","1","548","5","25000.00","Deposito","4/22/2014","Se deposito cheque de Coosajo en Banco Industrial"
"127","1","548","5","16000.00","Efectivo","4/22/2014","Dinero en Efectivo que se saco de Coosajo R.L."
"128","1","655","6","15394.00","Deposito","4/21/2014","Banrural No. 88849671"
"129","1","4231","6","2464.00","Deposito","4/21/2014","Banrural No. boleta 86352934 "
"130","1","2643","5","275.00","Deposito","4/22/2014","Depositado a la Cuenta de Click 22-4-2014 Boleta No. 90970016 Banrrural"
"131","1","1741","2","536.00","Cheque","4/21/2014","Este depostio ya se havia hecho pero el programa lo aplico a otra factura mas vieja, la cual se abrio para modificar precios y se perdio ese abono."
"132","2","3598","32","161244.76","Deposito","4/23/2014","Actualizacion de Deuda Click"
"133","1","182","3","150.00","Efectivo","4/23/2014","/"
"134","1","371","3","3400.00","Cheque","4/23/2014","Banrural No537 a nombre de lorena Romero "
"135","1","3795","2","10000.00","Deposito","4/21/2014","Deposito en banrural con cheque ajeno. Bol. No. 86915443"
"136","1","3079","24","900.00","Efectivo","4/24/2014","Abono parcial, recibido por Salvador"
"137","1","573","1","775.00","Efectivo","4/28/2014","cancelado"
"138","1","654","3","1280.00","Deposito","4/28/2014","Banrural No 92018643 "
"139","2","3598","32","12982.43","Deposito","4/30/2014","Actualizacion de Deuda Click"
"140","1","3352","25","3000.00","Deposito","4/30/2014","abono hecho al Industrial de morales el dia 29/04/2014"
"141","1","770","3","1731.00","Deposito","4/30/2014","No deposito 64597029"
"142","1","1241","3","895.00","Deposito","4/30/2014","No deposito 95023250 banrural"
"143","1","736","3","2000.00","Deposito","4/30/2014","banrural cheque 92789762"
"144","1","1141","2","1470.00","Efectivo","5/2/2014","Primero pago, efectivo"
"145","1","793","27","33.00","Efectivo","5/2/2014","/"
"146","1","4139","6","12994.00","Deposito","5/2/2014","Cancelacion de factura deposito en efectivo en banrural"
"147","1","869","3","3315.00","Efectivo","5/6/2014","/"
"148","1","2860","24","1570.00","Cheque","5/7/2014","Cancela cartuchos de Tinta Originales"
"149","1","265","25","2800.00","Deposito","5/7/2014","Abono, deposito del dÃ­a 07/05/2014 del banrural 76115104"
"150","1","4163","3","566.67","Cheque","5/7/2014","deposito No 49711021 industrial "
"151","1","723","24","328.92","Efectivo","5/9/2014","."
"152","1","2557","24","252.00","Cheque","5/9/2014","Cheque 3320 Banco G&t  Casvachi R.L Monto Q252.00"
"153","1","664","6","19799.00","Efectivo","5/6/2014","Transferencia al Bi "
"154","2","3598","32","22750.86","Deposito","5/9/2014","ActualizaciÃ³n deuda de Click a Bodega "
"155","1","265","24","1000.00","Deposito","5/12/2014","Deposito el dia 9/05/2014 en banrural numero de boleta 76115675"
"156","1","654","3","1065.00","Deposito","5/12/2014","No Boleta 88133484 Banrural 09/05/2014"
"157","1","2331","2","500.00","Deposito","5/12/2014","Deposito en banrural"
"158","1","5","3","75.00","Efectivo","5/12/2014","/"
"159","1","2082","3","549.00","Efectivo","5/12/2014","/"
"160","1","391","2","2190.00","Efectivo","5/12/2014","Abono en efectivo, se descontÃ³ de la deuda a graficentro por publicidad de febrero-abril"
"161","1","303","2","2000.00","Deposito","5/13/2014","Banrural No. 94867360"
"162","1","3016","24","270.00","Efectivo","5/14/2014","en efectivo"
"163","1","2860","24","1534.00","Cheque","5/15/2014","Cheque del Banrural No.00011053,cuenta unica del tesoro municipal san jose la arada."
"164","1","4212","24","200.00","Efectivo","5/16/2014","efectivo"
"165","1","4115","3","500.00","Deposito","5/19/2014","Banrural 95030539 "
"166","1","3079","3","1140.00","Efectivo","5/20/2014","Abono parcial"
"167","1","4087","2","42655.00","Deposito","5/20/2014","Le depositaron a jorge y lo va usar para comprar chivos."
"168","1","3079","1","30.00","Efectivo","5/20/2014","."
"169","1","2557","1","2080.00","Cheque","5/20/2014","."
"170","1","3791","24","1000.00","Efectivo","5/21/2014","Primer abono parcial"
"171","1","52","24","500.00","Efectivo","5/21/2014","Adelanto de saldo pendiente"
"172","1","3347","3","340.00","Deposito","5/23/2014","No deposito 42571608"
"173","1","872","3","3116.00","Cheque","5/23/2014","04009518/04009500/04009501 cheques de bantrab "
"174","1","3791","3","1000.00","Efectivo","5/26/2014","/"
"175","1","290","24","1980.00","Cheque","5/26/2014","Cheque banrural No. 14676"
"177","1","265","3","1670.00","Deposito","5/27/2014","Numero de boleta 76119709 Banrural."
"178","1","654","3","380.00","Deposito","5/28/2014","banrural "
"179","1","664","6","11329.00","Efectivo","5/19/2014","Transferencia en efectivo al BI"
"180","1","4687","24","132.14","Tarjeta","5/29/2014","cheque no.00008285 EMITIDO POR FONDO ROTATIVO CONSULTORIO IGSS CHIQUIMULA BANRURAL."
"181","1","4708","2","4220.00","Deposito","5/28/2014","Banrural Boleta No. 63617"
"182","1","4715","1","100.00","Efectivo","5/31/2014","."
"183","1","1741","2","5245.00","Deposito","6/2/2014","Deposito al Bi con cheque de otro banco, el dia viernes 30 de maypo"
"184","1","52","3","200.00","Efectivo","6/3/2014","/"
"185","1","4153","3","500.00","Efectivo","6/3/2014","/"
"186","1","52","3","300.00","Efectivo","6/3/2014","/"
"187","1","1141","2","1470.00","Efectivo","6/3/2014","Abono final"
"188","1","1141","2","288.00","Efectivo","6/3/2014","abono total"
"189","1","3630","6","5315.00","Deposito","6/4/2014","Deposito en efectivo al BI"
"190","1","182","3","45.00","Efectivo","6/5/2014","cancelacion "
"191","1","654","3","1295.00","Deposito","6/6/2014","/"
"192","1","456","3","1000.00","Efectivo","6/6/2014","/"
"193","1","736","2","500.00","Efectivo","6/6/2014","Abono parcial"
"194","1","4585","3","1000.00","Efectivo","6/9/2014","Primer Abono"
"195","1","568","3","505.00","Efectivo","6/9/2014","/"
"196","1","3016","1","423.00","Efectivo","6/9/2014","/"
"197","1","664","6","9390.00","Deposito","6/7/2014","Transferencia en efectivo al BI"
"198","1","10","6","60000.00","Efectivo","6/6/2014","Deposito en efectivo al BI No. 43732607	"
"199","1","83","3","475.00","Efectivo","6/10/2014","0"
"200","1","61","25","956.00","Deposito","6/10/2014","abono realizado el 06/06/2014, deposito a cuenta referencia 1163266006851"
"201","1","872","25","9190.00","Cheque","6/10/2014","cancelacion 2 laptops asus blanca, cheque No. 000987, cheque de 9280.00, 90.00 como adelanto"
"202","1","548","5","19495.00","Deposito","6/11/2014","Retiro que se Hizo de Coosajo para Abono a Bodega"
"203","1","318","5","5045.00","Deposito","6/11/2014","Retiro que se Hizo de Coosajo para Abono a Bodega"
"204","1","10","6","130000.00","Deposito","6/6/2014","Dos depositos de 65,000 en efectivo en gyt"
"206","1","309","2","20689.00","Efectivo","6/11/2014","Abono se le dio a gilder como abono a bodega"
"207","1","3971","2","450.00","Efectivo","6/11/2014","Abono se le dio a gilder como abono a bodega"
"208","1","15","3","200.00","Efectivo","6/16/2014","/"
"209","1","4577","3","450.00","Efectivo","6/16/2014","/"
"210","1","4806","24","800.00","Efectivo","6/16/2014","."
"211","1","2643","6","4235.00","Efectivo","6/16/2014","Deposito Banrural boleta 4691505"
"212","1","770","3","795.00","Deposito","6/17/2014","0"
"213","1","456","3","1200.00","Efectivo","6/17/2014","/"
"214","1","238","3","378.00","Efectivo","6/17/2014","/"
"215","1","238","3","66.00","Efectivo","6/17/2014","/"
"216","1","4554","3","144.00","Efectivo","6/17/2014","/"
"217","1","654","3","82.00","Efectivo","6/17/2014","/"
"219","1","352","25","611.61","Cheque","6/20/2014","disco duro de 1 TB Colegio Amigos"
"220","1","389","2","680.00","Deposito","6/23/2014","Deposito en banrural el dia viernes."
"221","1","143","3","310.00","Deposito","6/24/2014","Banrural 23/06/2014"
"222","1","48","3","14955.00","Deposito","6/24/2014","Banrural 23/04/2014 No 7377762"
"223","1","366","3","705.00","Deposito","6/25/2014","Boleta   66749"
"224","1","1235","3","1000.00","Efectivo","6/25/2014","/"
"225","1","3791","3","1000.00","Efectivo","6/26/2014","/"
"226","1","1650","3","4500.00","Deposito","6/26/2014","0091589 boleta banrural"
"227","1","391","25","1500.00","Efectivo","6/27/2014","/"
"228","1","962","3","3717.50","Deposito","6/27/2014","/"
"229","1","4577","3","470.00","Efectivo","6/27/2014","/"
"230","1","568","3","292.00","Efectivo","6/27/2014","/"
"231","1","4674","3","275.00","Efectivo","6/27/2014","/"
"232","1","872","27","5895.00","Cheque","7/1/2014","PAGO DVR 16 CANALES CHEQUE No. 04009545"
"233","1","872","25","3175.00","Cheque","7/1/2014","PAGO DE IMPREOSRA FX 890 CON  CHEQUE No. 0001018 BI"
"234","1","2348","2","937.50","Deposito","7/1/2014","Deposito Banrural 8906061 2 de julio"
"235","1","3120","24","958.00","Deposito","7/3/2014","hizo una transacciÃ³n el  25/06/14 del banco industrial a la cuenta de click banrural"
"236","1","4153","25","500.00","Efectivo","7/4/2014","abono en efectivo "
"237","1","4585","25","2000.00","Efectivo","7/4/2014","abono de portatil asus roja"
"238","1","4585","24","1700.00","Efectivo","7/4/2014","."
"239","1","1141","3","491.00","Efectivo","7/4/2014","/"
"240","1","436","3","40.00","Efectivo","7/4/2014","/"
"241","1","371","5","4537.95","Efectivo","7/5/2014","Cheque que cambio Gilder en Banco"
"242","1","391","3","2050.00","Efectivo","7/7/2014","Abono en efectivo, un total de 5,000.00 el resto se abono a la dell optiplex"
"243","1","664","6","15375.00","Deposito","7/3/2014","Transferencia en efectivo al BI "
"245","1","3079","27","100.00","Efectivo","7/8/2014","1"
"246","1","655","6","33853.00","Deposito","7/7/2014","Abono banrural no. 1372102 cheque otros bancos"
"247","1","83","24","1625.00","Efectivo","7/11/2014","."
"248","1","872","25","228.00","Efectivo","7/11/2014","pago de cable sata usb"
"249","1","2497","25","2130.00","Efectivo","7/12/2014","pago de impresora l355 epson"
"250","1","290","27","1320.00","Cheque","7/14/2014","No cheue 14940"
"251","1","290","27","1000.00","Cheque","7/14/2014","No cheue 14940"
"252","1","3079","24","1100.00","Efectivo","7/15/2014","Primer abono"
"253","1","5","3","285.00","Efectivo","7/15/2014","/"
"254","1","360","24","1050.00","Cheque","7/15/2014","abono  Cheque no 97300056 Edilio Paz"
"255","1","1741","2","60693.57","Deposito","7/16/2014","Abono con cheque Bi, depositado a Bi click, el cheque incluye la parte de soporte "
"256","1","228","3","3681.00","Efectivo","7/17/2014","/"
"257","1","2643","6","12150.00","Deposito","7/17/2014","Deposito con cheque de otros bancos en Banrural boleta no. 11197581"
"258","1","2643","6","4350.00","Deposito","7/18/2014","Deposito Banrural en efectivo hace varios dias"
"259","1","3347","3","5347.00","Deposito","7/18/2014","/"
"260","1","4212","24","125.00","Efectivo","7/19/2014","."
"261","1","2557","25","3795.00","Cheque","7/21/2014","cancelaciÃ³n de laptop toshiba, con cheque No. 4030"
"262","1","2375","3","36195.00","Deposito","7/21/2014","abono a cuenta de salva coosajo "
"263","1","4979","25","494.00","Efectivo","7/22/2014","cancelaciÃ³n de memorias "
"264","1","410","6","2900.00","Cheque","7/23/2014","Deposito en efectivo en Banrural"
"265","1","1235","3","700.00","Efectivo","7/23/2014","/"
"266","1","664","6","23445.00","Deposito","7/23/2014","Transferencia en efectivo al BI "
"267","1","19","6","4095.00","Efectivo","7/23/2014","Depostio Coosajo"
"270","1","548","6","20905.00","Efectivo","7/23/2014","Deposito Coosajo"
"271","1","10","6","65000.00","Efectivo","7/23/2014","Depostio GyT el 10/07/2014"
"273","1","664","6","19875.00","Deposito","7/23/2014","Transferencia en efectivo al BI"
"274","1","2348","2","990.00","Deposito","7/28/2014","BAnrural No. 14167009"
"275","1","4163","2","1133.33","Deposito","7/28/2014","Abonado en bril y Junio con cheques del BI a la cuenta del Bi Click"
"276","1","548","5","25000.00","Efectivo","7/30/2014","Se sacÃ³ de Coosajo RL se le dio a Sergio en efectivo"
"278","1","371","6","17418.05","Cheque","7/31/2014","Cancelacion total a la fecha"
"279","1","2009","24","225.00","Efectivo","7/31/2014","cancelaciÃ³n de pantalla para proyector"
"280","1","3056","2","2650.00","Deposito","7/31/2014","Gilder pago parte de esta deuda."
"281","1","309","2","3995.00","Deposito","7/31/2014","pago con cheque a gilder. esto se puso como abono a bodega"
"282","1","4336","2","3220.00","Deposito","7/31/2014","Pagado con comisiones de Denis Vasques"
"286","1","3750","2","1837.25","Deposito","8/1/2014","Depositado con cheque en banrural, no se abono el dia que se deposito"
"287","1","3079","27","1065.00","Efectivo","8/1/2014","Abono final"
"288","1","2557","25","3035.00","Cheque","8/2/2014","cheque numero No. 3435 por Q 3035.00"
"289","1","15","5","150.00","Efectivo","8/2/2014","Abono a Deuda"
"290","1","3791","25","1000.00","Efectivo","8/4/2014","abono de Q 1000.00 a cuenta pendiente, saldo restante de Q 800.00"
"291","1","2348","2","950.00","Deposito","8/4/2014","Deposito Banrural 1 de agosto No. 8897022"
"292","1","15","24","100.00","Efectivo","8/4/2014","abono con trabajo de mac."
"293","1","4153","3","500.00","Efectivo","8/4/2014","/"
"294","1","303","2","1600.00","Deposito","8/4/2014","Banrural Boleta No. 14682485"
"295","1","4212","3","1000.00","Efectivo","8/6/2014","/"
"297","1","3016","3","10699.00","Cheque","8/7/2014","No cheuqe banrurak mancomunidad 1226/07244947"
"298","1","654","3","626.00","Deposito","8/8/2014","/"
"299","1","309","5","2200.00","Deposito","8/8/2014","Deposito en Banrrural"
"300","1","664","6","60000.00","Deposito","8/8/2014","Cancelacion factura 15831 transferencia en efectivo al BI"
"301","1","94","27","1500.00","Efectivo","8/11/2014","Abono en efectivo"
"302","1","5271","2","151.00","Efectivo","8/11/2014","Abono total"
"303","1","4912","2","3200.00","Cheque","8/12/2014","Cheque Banrural No. 207 a nombre se salvador"
"304","1","815","2","729.00","Deposito","8/12/2014","Este depostio ira a perdidas, ya que nadie sabe exactamente como paso pero aparentemente el cliente ya pago."
"310","1","82","3","314.00","Efectivo","8/12/2014","/"
"311","1","2449","3","1860.00","Cheque","8/12/2014","/"
"312","1","1867","3","338.00","Cheque","8/12/2014","Abono a credito cheque no. 071 - 2 Rauter"
"314","1","3053","3","50.00","Efectivo","8/12/2014","/"
"315","1","110","24","1647.00","Deposito","8/13/2014","Deposito realisado el dia 12/08/2014 en teculutan voleta No.14284629.."
"316","1","4087","2","10000.00","Deposito","8/13/2014","DEposito banrural No. 14921961 13 de agosto 2014"
"317","1","1449","25","4795.00","Cheque","8/18/2014","cancelaciÃ³n de caÃ±onera epson  "
"318","1","110","24","1252.00","Deposito","8/18/2014","Deposito realizado en teculutan el dia 13/08/2014 N0.Boleta 8895834"
"319","1","3377","3","1188.00","Cheque","8/18/2014","No de cheque 88284317 Banco gyt mancomunidad trinacional "
"321","1","2707","24","1700.00","Deposito","8/19/2014","No. boleta 497341 deposito 16/08/2014 Banrural"
"322","1","4115","2","400.00","Efectivo","8/19/2014","Dinero retirado de Coosajo. depositado a cuenta de salva"
"323","1","497","24","530.00","Efectivo","8/19/2014","En efectivo."
"324","1","1687","25","308.04","Cheque","8/20/2014","CANCELA CARTUCHO TINTA NEGRA HP, CON CHEQUE NO.03677241"
"328","1","135","5","330.00","Deposito","8/21/2014","Deposito en banrrural"
"332","1","664","6","48270.00","Deposito","8/21/2014","Transferencia en efectivo al BI"
"333","1","4211","3","150.00","Deposito","8/22/2014","No boleta 20803578"
"334","1","4494","25","2850.00","Efectivo","8/22/2014","pago de cpu celeron 2gb 500gb"
"338","1","436","24","200.00","Efectivo","8/23/2014","cancela vidiojuego"
"339","1","962","3","3791.00","Deposito","8/25/2014","No boleta 16824225"
"340","1","135","5","300.00","Deposito","8/26/2014","Deposito en Banrrural el domingo 24 de agosto"
"341","1","121","3","66.00","Efectivo","8/26/2014","/"
"342","1","3053","3","400.00","Efectivo","8/26/2014","/"
"344","1","655","6","22405.00","Deposito","8/28/2014","Deposito con cheque en banrural boleta no. 1378018"
"345","1","664","6","2900.00","Cheque","8/28/2014","Transferencia en efectivo al BI"
"346","1","155","3","549.00","Deposito","8/31/2014","no 14737150 el 21 de agosto "
"347","1","872","25","385.00","Cheque","9/2/2014","cancelacion de cargador hp original con cheque No. 1207 banco Industrial"
"348","1","793","3","110.00","Efectivo","9/2/2014","/"
"349","1","1141","3","700.00","Efectivo","9/3/2014","/"
"350","1","1067","3","800.00","Cheque","9/3/2014","/"
"351","1","1867","3","165.00","Cheque","9/4/2014","Cheque InterBanco No. 101-6 22534 de Corporacion Estabia"
"352","1","1067","3","1445.00","Deposito","9/4/2014","No deposito 22710635	"
"353","1","3983","2","2620.00","Deposito","9/5/2014","Se pago con facturas de Options Print el 2 de septiembre 2014"
"354","1","664","6","40155.00","Deposito","9/5/2014","Tranzferencia al BI en efectibo"
"355","1","2302","2","2505.00","Deposito","9/5/2014","Se Cancelo con cuadre de Graficentro (3900). la diferencia se pago con cheque banrural No. 670"
"356","1","2707","3","950.00","Efectivo","9/5/2014","/"
"357","1","4229","3","450.00","Efectivo","9/5/2014","/"
"358","1","4978","3","290.00","Efectivo","9/5/2014","/"
"359","1","4212","3","500.00","Efectivo","9/5/2014","/"
"360","1","389","2","6000.00","Deposito","9/5/2014","Deposito Banrural Boleta No, 16855312"
"361","1","4153","33","500.00","Efectivo","9/8/2014","/"
"362","1","5514","25","295.00","Efectivo","9/9/2014","cancelaciÃ³n deuda de compu hp a4 "
"363","1","290","25","957.00","Cheque","9/9/2014","pago de toners y cintas matriciales con cheque no.15261 banrural"
"364","1","872","33","1460.00","Cheque","9/10/2014","Cheque No. 04009630 A nombre de Cooperativa de ahorro y credito integral Chiquimulja RL - Bantrab"
"366","1","2348","2","872.50","Deposito","9/8/2014","Depostio Banrural Boleta No. 22950230"
"367","1","2348","2","2499.00","Deposito","9/8/2014","Depostio Banrural"
"368","1","1067","3","105.00","Efectivo","9/11/2014","/"
"369","1","5310","3","239.00","Efectivo","9/11/2014","/"
"371","1","3016","3","2382.00","Cheque","9/11/2014","No 1352 banrural anombre de mancomunidad"
"372","1","5542","3","150.00","Efectivo","9/12/2014","/"
"373","1","265","3","514.00","Deposito","9/12/2014","No 0505596"
"374","1","371","5","3248.00","Cheque","9/13/2014","Dejo Cheque de 6,200.00 Quedando a Favor 2,952.00"
"375","1","2766","25","1000.00","Efectivo","9/13/2014","cancelaciÃ³n de pc i5 "
"378","1","135","5","4200.00","Cheque","9/13/2014","."
"379","1","135","5","32.00","Efectivo","9/13/2014","Saldo Pendiente 0.00"
"380","1","1241","2","559.00","Deposito","9/16/2014","Banrural No. 23380423"
"381","1","3352","2","1650.00","Deposito","9/17/2014","Banrural No. 82034617 viernes 12"
"382","1","110","24","2444.00","Deposito","9/17/2014","no boleta : 22950364 fecha : 12/09/2014 deposito"
"383","1","309","2","3645.00","Deposito","9/17/2014","Canje con 10 UPS de 500VA"
"384","1","3630","6","14298.00","Efectivo","9/17/2014","Depositos en Gyt que se retiraron en efectivo"
"385","1","3630","6","1375.00","Deposito","9/17/2014","Deposito Bi en efectivo"
"386","1","10","6","36397.00","Efectivo","9/17/2014","Deposito GyT"
"387","1","10","6","50000.00","Efectivo","9/17/2014","Deposito en GyT se saco en efectivo"
"388","1","290","24","404.00","Cheque","9/17/2014","Cheque  No.15327 Distribuidora teculutan s.a  banrural"
"389","1","2557","25","1990.00","Cheque","9/18/2014","cancela con cheque Banco Reformador No. 4208"
"390","1","840","5","530.00","Deposito","9/19/2014","Deposito en Banrrural  19/9/2014"
"391","1","2860","25","300.00","Efectivo","9/25/2014","cancela factura de maletin marca klip xtreme de Q300.00"
"392","1","5599","25","25.00","Efectivo","9/25/2014","cancela saldo pendiente"
"393","1","660","25","2555.95","Cheque","9/25/2014","cancela factura de compra de impresora l555 con cheque No.1814"
"396","1","872","25","6435.00","Cheque","9/25/2014","pago de dvr SWANN cheque No. 1261"
"397","1","2707","2","2400.00","Deposito","9/25/2014","Deposito Banrural No. 14603944"
"398","1","2348","2","1000.00","Deposito","9/29/2014","Depostio BAnrural 26 Sept 2014 No. 21515469	"
"399","1","2707","2","370.00","Deposito","9/29/2014","Deposito Banrural No. 14604208 27 sept 2014"
"400","1","600","3","825.00","Deposito","9/29/2014","No 23381252 Banrural con cheque de otro banco "
"401","1","298","25","244.00","Cheque","9/29/2014","cancela deuda de tarjeta de red inalambrica con cheque No.12884"
"402","1","654","3","422.00","Deposito","9/30/2014","Banrural "
"403","1","654","3","3908.00","Deposito","9/30/2014","No boleta 21622843"
"404","1","962","3","3862.00","Deposito","9/30/2014","No boleta 32691507 32691508"
"405","1","1650","2","5116.00","Deposito","10/1/2014","Deposito No.  Banrural 29150718"
"410","1","664","6","3000.00","Deposito","10/1/2014","Transferencia al BI el 25 de septiembre"
"411","1","664","6","30855.00","Deposito","10/1/2014","Transferencia al BI el 23 de septiembre"
"412","1","664","6","9610.00","Deposito","10/1/2014","Transferencia al BI el 30 de septiembre"
"413","1","1344","3","4573.00","Efectivo","10/3/2014","2"
"414","1","5223","3","800.00","Deposito","10/3/2014","Banrural "
"415","1","4623","3","1445.00","Deposito","10/3/2014","Banrural "
"416","1","962","3","2969.00","Deposito","10/3/2014","Banrural "
"417","1","1002","3","900.00","Efectivo","10/6/2014","1"
"418","1","14","25","695.00","Efectivo","10/6/2014","Cancelacion de Motherboard"
"419","1","2375","3","47000.00","Deposito","10/6/2014","Coosajo Rl No boleta 362983 "
"420","1","2348","2","2250.00","Deposito","10/7/2014","Deposito Banrural No. 22947514 6 de octubre"
"421","1","265","3","173.00","Efectivo","10/7/2014","/"
"422","1","5868","24","325.00","Efectivo","10/7/2014","/"
"423","1","5528","5","4800.00","Deposito","10/8/2014","Deposito en banrural Boleta No 21749200 (por Elder Guerra) el 29/9/14"
"424","1","195","5","180.00","Deposito","10/8/2014","Deposito en banrural Boleta No 21749200 (por Elder Guerra) el 29/9/14"
"425","1","135","5","1500.00","Deposito","10/8/2014","Deposito en banrrural en Gualan "
"426","1","4912","2","3050.00","Cheque","10/8/2014","Cheque de Salvador Hernandez, el lo havia pagado en efectivo en Quezaltepeque"
"427","1","328","3","275.00","Efectivo","10/9/2014","/"
"428","1","5857","25","1949.00","Efectivo","10/9/2014","cancelacion de cuenta pendiente"
"429","1","568","3","59.00","Deposito","10/10/2014","Banrural "
"430","1","770","3","1380.00","Deposito","10/10/2014","Banrural "
"435","1","2860","25","1560.00","Cheque","10/10/2014","cancelacion factura 13812"
"436","1","2860","25","4000.00","Cheque","10/10/2014","abono de factura 14286"
"437","1","2860","25","3980.00","Cheque","10/10/2014","abono de factura 14287"
"439","1","2860","25","3215.00","Efectivo","10/10/2014","cancelacion caÃ±onera epson"
"440","1","2640","2","2550.00","Deposito","10/14/2014","Deposito Banrural No. 29508873	"
"441","1","548","2","1848.00","Deposito","10/14/2014","Retirado de Coosajo por gilder"
"442","1","548","2","26109.00","Deposito","10/14/2014","Depostio Banrural No. 23616742"
"443","1","962","24","3325.00","Deposito","10/16/2014","/ Bnarural "
"444","1","2449","25","4218.00","Cheque","10/16/2014","Cancelacion de toner y tintas Cheque No.8579"
"445","1","340","5","595.00","Deposito","10/16/2014","Deposito en banrrural el 1-sep-2014"
"446","1","872","25","179.00","Efectivo","10/17/2014","cancelacion factura de presentador"
"447","1","3508","3","3950.00","Deposito","10/17/2014","de la municipalidad de peten "
"448","1","48","3","16116.00","Deposito","10/17/2014","De municipalidad peten No Boleta 14244328"
"449","1","5927","25","240.00","Efectivo","10/18/2014","/"
"450","1","135","33","765.00","Efectivo","10/18/2014","/"
"451","1","3347","3","504.00","Deposito","10/22/2014","/"
"453","1","3016","24","375.00","Cheque","10/23/2014","cheque 1374 banrural "
"454","1","5957","25","1780.00","Tarjeta","10/24/2014","cancelacion de deuda con tarjeta"
"455","1","2348","2","2250.00","Deposito","11/6/2014","Abono Banrural No. 30424074"
"456","1","110","24","1120.00","Deposito","11/6/2014","No. boleta 29600760 23 de octubre de 2014 banrural"
"457","1","352","24","2008.04","Cheque","11/6/2014","cheque colegio evangÃ©lico amigos no. 00002651 banrural."
"458","1","5089","6","3000.00","Deposito","11/7/2014","Deposito en gyt "
"459","1","5089","6","1000.00","Deposito","11/7/2014","Banrural No. 26825900"
"460","1","5089","6","500.00","Deposito","11/7/2014","Banrural No. 35401852"
"461","1","366","3","870.00","Deposito","11/7/2014","Banrural No deposito 37350159"
"462","1","654","3","11.00","Deposito","11/7/2014","Banrural No deposito 37347059"
"463","1","5542","3","150.00","Efectivo","11/7/2014","/"
"464","1","15","3","500.00","Efectivo","11/10/2014","/"
"465","1","1141","3","500.00","Efectivo","11/10/2014","/"
"466","1","872","24","884.00","Cheque","11/11/2014","Chque no. 04009693/ Cooperatiba chiquimulja"
"467","1","872","24","5570.00","Cheque","11/11/2014","chque no.04009689  anombre cooperativa chiquimulja"
"470","1","962","3","1124.00","Deposito","11/12/2014","/"
"471","1","303","3","675.00","Deposito","11/12/2014","/"
"473","1","3079","24","700.00","Efectivo","11/13/2014","efectivo."
"474","1","2645","3","1285.00","Cheque","11/13/2014","Cheques No 19/17 de bancor a nombre de servicio y consultorias ezencia zent"
"475","1","110","24","2444.00","Deposito","11/14/2014","fecha: 13/11/2014 teculutan Banrural."
"477","1","303","3","675.00","Deposito","11/17/2014","/"
"478","1","962","3","1520.00","Deposito","11/17/2014","/"
"479","1","3079","33","132.00","Efectivo","11/19/2014","Calelacion de saldo."
"480","1","2643","5","4005.00","Deposito","11/19/2014","Deposito Banrrural No. 41304893"
"481","1","10","6","49233.00","Deposito","11/20/2014","Depostito gyt"
"482","1","3229","25","695.00","Efectivo","11/26/2014","cancelacion de deuda"
"483","1","290","24","1846.00","Cheque","11/26/2014","Chuque No.15666  a nombre de Distribuidora teculutan S.A"
"484","1","6276","25","785.50","Efectivo","11/29/2014","cancelacion"
"485","1","6073","2","1598.00","Deposito","12/1/2014","Se cuadro con el pago final de la cenefa principal de click"
"486","1","4153","33","500.00","Efectivo","12/1/2014","/"
"487","1","5979","6","4390.00","Deposito","12/2/2014","Deposito Banrrural Esquipulas"
"488","1","328","2","3190.00","Deposito","12/3/2014","Deposito Banrural No. 29843690"
"489","1","315","3","2860.00","Deposito","12/4/2014","banrural "
"490","1","155","3","5400.00","Deposito","12/4/2014","/"
"491","1","6034","2","1474.00","Deposito","12/4/2014","Este dinero se lo pagaron a jorge, se le puso a el como deuda en el cuadre de excel"
"492","1","693","2","99.00","Efectivo","12/4/2014","Efectivo retirado de Coosajo RL"
"493","1","6381","2","4650.00","Deposito","12/4/2014","Este desposito se lo hicieron a jorge, por lo que se le agrego a su cuadre de excell para que el lo pague"
"494","1","5527","2","1000.00","Efectivo","12/4/2014","Abono efectivo"
"495","1","5986","3","400.00","Efectivo","12/4/2014","/"
"496","1","548","5","22799.00","Deposito","12/6/2014","Deposito en banrrural Sabado Dep. No-38805234"
"497","1","2348","2","2249.00","Deposito","12/8/2014","dEPOSTIO bANRURAL nO. 37807312 FECHA 4 DE DICIEMBRE"
"498","1","655","2","14812.00","Deposito","12/8/2014","Depostio Banrural No. 47600281 el dia 6 de diciembre"
"499","1","83","24","225.00","Efectivo","12/9/2014","/"
"501","1","872","25","480.00","Cheque","12/10/2014","cancelaciÃ³n con cheque No. 04009714 BanTrab"
"502","1","872","25","4773.00","Cheque","12/10/2014","cancelacion con cheque 00001545 Indstrial"
"503","1","872","25","5570.00","Cheque","12/10/2014","cancelacion con cheque 1544 Industrial"
"504","1","2557","3","161.00","Cheque","12/10/2014","cheque No. 4492 Banco reformador"
"505","1","815","25","235.70","Cheque","12/11/2014","cheque no.00009751   de banrural"
"506","1","664","6","21559.00","Deposito","12/11/2014","Transferencia al BI el 24 de octubre"
"507","1","664","6","17284.00","Efectivo","12/11/2014","
Transferencia al BI el 21 de noviembre"
"508","1","5411","6","2500.00","Deposito","12/11/2014","Dos depositos al BI en efectivo de 1,250.00 cada uno. Uno del 9 de octubre y el otro del 4 de diciembre"
"509","1","110","3","1140.00","Deposito","12/12/2014","No 37813113 banrural "
"510","1","872","25","132.00","Efectivo","12/15/2014","cancelacion de factura de usb de 32 gb"
"511","1","290","25","565.00","Cheque","12/16/2014","cancelaciÃ³n de factura de toner "
"512","1","4897","25","584.55","Deposito","12/17/2014","por adelanto de tintas el dia 5 de diciembre"
"513","1","5666","3","350.00","Deposito","12/17/2014","/"
"514","1","1623","3","150.00","Efectivo","12/18/2014","/"
"515","1","736","6","1400.00","Efectivo","12/19/2014","Abonono parcial"
"516","1","195","27","2500.00","Cheque","12/19/2014","Abono parcial"
"517","1","1776","24","395.00","Deposito","12/19/2014","NUMERO DE BOLETA 45674123  EL RESTO DEL DEPOSITO ESTA EN ADELANTOS"
"518","1","5538","25","649.00","Efectivo","12/22/2014","/"
"519","1","436","3","85.00","Efectivo","12/23/2014","/"
"520","1","4212","24","500.00","Efectivo","12/24/2014","/"
"521","1","110","24","5398.00","Deposito","12/26/2014","Deposito No. boleta 50672824 Fecha 22/12/2014"
"522","1","770","3","3253.00","Deposito","12/26/2014","Banruarla "
"523","1","3120","24","4939.00","Cheque","12/26/2014","Chque A nombre de Agroexportadora Mundial, S.A Banco Internacional No.003531-1"
"524","1","389","2","3781.00","Deposito","12/28/2014","banrural no. 50098570"
"525","1","664","2","68978.00","Deposito","12/28/2014","transferencia bi no. 689002   19-12-14"
"526","1","872","33","15735.00","Cheque","12/31/2014","Banco industyrial 1632"
"527","1","2497","25","800.00","Efectivo","1/2/2015","/"
"528","1","5986","3","253.00","Efectivo","1/5/2015","/"
"529","1","5986","2","1500.00","Efectivo","1/5/2015","Abono parcial"
"530","1","962","3","2696.00","Cheque","1/6/2015","Banrural No 702 "
"531","1","2877","3","185.00","Efectivo","1/8/2015","/"
"533","1","3079","25","1000.00","Efectivo","1/8/2015","/
"
"534","1","3004","5","250.00","Efectivo","1/10/2015","."
"535","1","736","3","158.50","Efectivo","1/12/2015","/"
"536","1","5986","3","700.00","Efectivo","1/16/2015","/"
"537","1","970","24","200.00","Efectivo","1/16/2015","/"
"538","1","5","24","2000.00","Efectivo","1/19/2015","/"
"539","1","5089","6","700.00","Deposito","1/19/2015","Deposito Ban Rural"
"541","1","651","3","10450.00","Efectivo","1/19/2015","/"
"544","1","3630","5","8585.00","Deposito","1/20/2015","Deposito en Banco Industrial el 19 de Enero 2015"
"545","1","793","25","100.00","Efectivo","1/20/2015","/"
"546","1","2302","3","2075.00","Deposito","1/20/2015","canje con publicidad desde black friday "
"547","1","391","3","2817.00","Deposito","1/20/2015","canje con publicidad desde black friday "
"548","1","6380","2","24055.00","Cheque","1/19/2015","Cheque banrural No. 2664"
"549","1","548","5","19903.00","Deposito","1/21/2015","Deposito Tonantel en Banrrural No. 49160670"
"550","1","3079","24","1200.00","Efectivo","1/21/2015","/"
"551","1","770","3","2549.00","Deposito","1/22/2015","No 54363486"
"552","1","6520","2","650.00","Deposito","1/21/2015","Banrural, 2 depositos"
"553","1","3079","24","1200.00","Efectivo","1/22/2015","/"
"554","1","5358","2","1300.00","Efectivo","1/21/2015","Efectivo"
"555","1","770","3","130.00","Deposito","1/23/2015","/"
"556","1","3229","24","25.00","Efectivo","1/24/2015","/"
"557","1","664","6","28664.00","Deposito","1/27/2015","Transferencia al BI en 21 de enero"
"558","1","664","6","47164.00","Deposito","1/21/2015","Transferencia al BI el 21 de enero"
"559","1","664","6","5250.00","Deposito","1/27/2015","Deposito al BI en efectivo el 20 de enero"
"560","1","265","2","5500.00","Deposito","1/26/2015","banrural No. 50261139"
"561","1","5986","27","30.00","Efectivo","1/28/2015","/"
"562","1","5986","27","32.00","Efectivo","1/28/2015","/"
"563","1","371","3","4353.00","Deposito","1/28/2015","Por adelantos de un cheque de usac por 9,500.00 y 2,952.00 que quedo a su favor "
"564","1","6418","3","875.00","Deposito","1/28/2015","/"
"566","1","2348","3","1255.00","Deposito","1/28/2015","no52809158"
"568","1","2860","5","8153.00","Cheque","1/31/2015","abono de saldo vencido con cheque 12399"
"569","1","155","3","540.00","Deposito","2/2/2015","banrural "
"570","1","155","3","59.00","Efectivo","2/2/2015","/"
"571","1","3347","3","2425.00","Deposito","2/2/2015","Bnarural "
"572","1","6736","3","3850.00","Deposito","2/2/2015","No boleta 52954864"
"573","1","228","3","4699.00","Deposito","2/2/2015","52954891 No boelta "
"574","1","110","3","3528.00","Deposito","2/2/2015","52804445 y 52804446 banrurall"
"575","1","6892","25","1224.00","Efectivo","2/3/2015","/"
"576","1","3120","24","6488.00","Cheque","2/4/2015","cheque no 003562-6 agroexportadora mundial banco internacional"
"577","1","195","3","2500.00","Cheque","2/5/2015","No de chque elder guerra 251"
"578","1","947","3","475.00","Cheque","2/6/2015","/"
"579","1","5986","5","1600.00","Efectivo","2/6/2015","."
"580","1","1141","3","1000.00","Efectivo","2/6/2015","."
"581","1","867","25","10717.00","Cheque","2/7/2015","cheque banrural 469"
"582","1","3079","21","1000.00","Efectivo","2/9/2015","/"
"583","1","872","25","4237.00","Cheque","2/9/2015","numero de cheque 1668 banco industrial cooperativa Chiquimulja RL"
"584","1","5471","25","1635.00","Cheque","2/9/2015","cheque numero 23837"
"585","1","4687","3","437.50","Cheque","2/9/2015","/"
"586","1","4866","2","32354.73","Cheque","2/10/2015","Cheque Bancor No. 38450891 a nombre de liceo bilingue"
"587","1","4898","25","169.00","Cheque","2/11/2015","che"
"588","1","770","3","900.00","Deposito","2/13/2015","no boleta 7915"
"589","1","2860","33","228.00","Efectivo","2/13/2015","Abono por un puntero Laser - Q209.00 y una extencion USB - Q19.00"
"590","1","7010","3","3600.00","Deposito","2/13/2015","deposito industrial 66382826"
"591","1","7010","3","800.00","Efectivo","2/13/2015","/"
"592","1","7010","3","95.00","Cheque","2/13/2015","academia de mecanografia 711"
"593","1","7011","3","175.00","Cheque","2/13/2015","academia de mecanografia 711"
"594","1","3004","5","187.00","Efectivo","2/14/2015",".
"
"596","1","2860","25","8381.00","Cheque","2/14/2015","muni san jose la arada 12492"
"597","1","7048","25","500.00","Efectivo","2/16/2015","/"
"598","1","6097","25","3649.00","Efectivo","2/16/2015","/"
"599","1","6853","2","3720.00","Efectivo","2/17/2015","efectivo"
"600","1","2348","2","1255.00","Deposito","2/17/2015","Boleta Banrural No. 47229191 con fecha 17 de febrero 2015"
"601","1","5527","25","500.00","Efectivo","2/19/2015","/"
"602","1","2449","25","9047.00","Cheque","2/20/2015","cheque 9956"
"603","1","2449","25","2776.00","Cheque","2/20/2015","cheque 9955"
"604","1","5986","33","500.00","Efectivo","2/23/2015","/"
"605","1","121","25","60.00","Efectivo","2/23/2015","/"
"606","1","47","3","650.00","Deposito","2/23/2015","/"
"607","1","3630","2","14260.00","Deposito","2/24/2015","Deposito BI No. 68944556   con fecha 18 de febrero 2015"
"608","1","6735","3","3850.00","Deposito","2/24/2015","52954864 banrural "
"609","1","6737","3","5860.00","Deposito","2/24/2015","/ 55932879 banrural "
"610","1","6911","3","4650.00","Deposito","2/24/2015","52954195 banrural "
"611","1","548","3","16508.00","Deposito","2/24/2015","62589263 BANRURAL "
"612","1","7049","3","2500.00","Tarjeta","2/24/2015","18 visacoutas "
"613","1","121","3","935.00","Efectivo","2/24/2015","/"
"614","1","568","3","440.00","Efectivo","2/24/2015","/"
"615","1","568","3","452.00","Efectivo","2/24/2015","/"
"616","1","5974","33","200.00","Efectivo","2/24/2015","/"
"617","1","867","3","280.00","Deposito","2/24/2015","/"
"618","1","3079","25","2200.00","Efectivo","2/25/2015","/"
"620","1","5870","25","169.00","Efectivo","2/25/2015","Impresora 2810 del 25/02/2015"
"621","1","5870","25","2050.00","Efectivo","2/25/2015","disco Duro My book 6TB"
"622","1","5870","25","1000.00","Efectivo","2/25/2015","Disco Duro Estado Solido 240GB"
"623","1","491","25","275.00","Efectivo","2/25/2015","Cargador Dell"
"624","1","5870","25","170.00","Efectivo","2/25/2015","antivirus nod32"
"625","1","48","3","20070.00","Deposito","2/25/2015","Banrural 59394223"
"626","1","3120","3","1455.00","Cheque","2/25/2015","No 3572-5 agroexportadora mundial banco internacional "
"627","1","3795","2","3000.00","Deposito","2/25/2015","Boleta banrural No. 68504929 con fecha 24 de febrero"
"628","1","664","6","15442.00","Deposito","2/26/2015","Transferencia al BI"
"629","1","664","6","66946.00","Deposito","2/26/2015","Transferencia al BI"
"630","1","655","6","39138.00","Deposito","2/26/2015","Deposito al banrural boleta no. 63715091"
"631","1","135","25","299.00","Efectivo","2/28/2015","/
"
"632","1","4866","25","795.00","Cheque","2/28/2015","Un disco duro de 1TB y Una memoria USB de 32GB"
"634","1","290","33","824.00","Cheque","3/3/2015","Cancelacion por Cintas Para Epson LQ-590"
"635","1","2557","3","100.00","Efectivo","3/3/2015","/"
"636","1","5","27","1800.00","Efectivo","3/4/2015","abono a deuda"
"637","1","5986","3","146.00","Efectivo","3/5/2015","/"
"638","1","110","2","248.00","Deposito","3/5/2015","Deposito Banrural 18 de febrero 2015"
"640","1","195","6","4000.00","Deposito","3/5/2015","Deposito al bi con cheque de otro banco boleta 259008"
"641","1","5986","3","1000.00","Efectivo","3/5/2015","/"
"642","1","5974","3","200.00","Efectivo","3/5/2015","/"
"643","1","5527","3","500.00","Efectivo","3/5/2015","/"
"644","1","238","3","1127.50","Efectivo","3/5/2015","/"
"645","1","311","2","2703.00","Deposito","3/6/2015","Banrural No. 69051945 fecha 5 de marzo 2015"
"646","1","6041","25","440.00","Deposito","3/6/2015","/"
"647","1","3004","5","131.00","Efectivo","3/7/2015","."
"648","1","2643","5","3228.00","Deposito","3/10/2015","Deposito en Banrrural"
"649","1","436","33","150.00","Efectivo","3/10/2015","/"
"650","1","872","25","1860.00","Cheque","3/10/2015","discos duros"
"651","1","366","3","4935.00","Deposito","3/11/2015","No boleta 67344601 Bnarural "
"652","1","867","2","240.00","Deposito","3/11/2015","banrural N. 46919245"
"653","1","962","3","2468.50","Cheque","3/12/2015","No 720 banrural mynor borja "
"654","1","228","5","1500.00","Efectivo","3/14/2015",". "
"655","1","3004","5","71.00","Efectivo","3/14/2015",".
"
"656","1","1623","33","378.00","Efectivo","3/16/2015","Pago en efectivo"
"657","1","4212","27","500.00","Efectivo","3/16/2015","Abono en efectivo"
"658","1","3120","3","6312.00","Cheque","3/16/2015","No 3591-5 agroexportadora mundial "
"659","1","7329","3","370.00","Efectivo","3/16/2015","/"
"661","1","67","33","270.00","Cheque","3/17/2015","Banco CHN No. 529"
"662","1","2651","3","98.21","Deposito","3/17/2015","/"
"663","1","2449","5","170.00","Cheque","3/17/2015","cheque banrrural 10317"
"664","1","2348","2","1244.00","Deposito","3/17/2015","Boleta Banrural No. 37295791 10 de marzo 2015"
"666","1","548","5","460.00","Efectivo","3/18/2015","Abono Efectivo"
"667","1","19","5","2760.00","Efectivo","3/18/2015","Abono Efectivo"
"668","1","600","3","1998.00","Deposito","3/20/2015","Bnanrural No 812104"
"669","1","655","3","23262.00","Deposito","3/20/2015","Banruarl 708344"
"670","1","548","3","41189.00","Deposito","3/23/2015","No  70282782  banrural"
"671","1","3630","2","14238.00","Deposito","3/25/2015","Deposito al BI fecha 23 de marzo No. 71227609"
"672","1","110","3","3554.00","Deposito","3/25/2015","No boleta 252295 Banrural "
"673","1","110","3","10886.00","Deposito","3/25/2015","Boleta No 2060/2061 Banrural"
"674","1","1687","25","308.03","Cheque","3/26/2015","No. 598 G&T continental"
"675","1","3658","2","15305.00","Deposito","3/26/2015","Efectivo retirado de coosajo, depositado a banrural por salvador"
"676","1","7438","3","150.00","Efectivo","3/26/2015","/"
"677","1","5","3","614.00","Efectivo","3/26/2015","/"
"678","1","5986","3","100.00","Efectivo","3/26/2015","/"
"679","1","9","3","44.00","Efectivo","3/26/2015","/"
"680","1","6442","3","250.00","Efectivo","3/26/2015","/"
"681","1","265","3","5100.00","Deposito","3/26/2015","Boleta No 55286396"
"682","1","1141","3","1000.00","Efectivo","3/27/2015","jouse abono en efcetivoo "
"683","1","6957","33","12590.00","Cheque","3/27/2015","Banrural No. 1540 abono dos laptop"
"684","1","664","2","35239.00","Deposito","3/28/2015","Transferencia BI No. 749002   con fecha 27-03-15"
"685","1","265","3","4000.00","Deposito","3/30/2015","No boleta 286670 Banrural "
"686","1","265","3","1900.00","Deposito","3/30/2015","287132 No boleta banrural "
"687","1","7458","3","5950.00","Deposito","3/30/2015","Bnarural No boleta 318507 "
"688","1","2542","33","290.00","Efectivo","3/30/2015","/"
"689","1","2346","25","2400.00","Cheque","3/31/2015","cheque #4311"
"690","1","4483","25","165.00","Cheque","3/31/2015","cheque #4311"
"691","1","5986","25","500.00","Efectivo","3/31/2015","/"
"692","1","7408","2","2000.00","Deposito","3/31/2015","Deposito Banrural No. 68038097 con fecha 24 de marzo 2015"
"693","1","7408","2","2000.00","Deposito","3/31/2015","Banrural No. 76033411"
"694","1","436","36","100.00","Efectivo","4/1/2015","."
"695","1","7261","36","995.00","Efectivo","4/1/2015","/"
"696","1","3079","2","2000.00","Efectivo","4/6/2015","9"
"698","1","2643","6","5830.00","Deposito","4/7/2015","Deposito Banrural 72472232"
"699","1","6041","27","4580.00","Cheque","4/8/2015","Cheque accion contra el hambre 07112312 gy t continental "
"700","1","6398","2","1945.00","Deposito","4/8/2015","Banrural 18 de marzo, total de Q2,500, el resto sera para cubrir gastos de Hostin y programa"
"702","1","962","3","4995.00","Cheque","4/9/2015","732 y 731 banrural "
"703","1","7329","3","262.00","Efectivo","4/10/2015","/"
"704","1","135","5","548.00","Deposito","4/11/2015","Dep. banr No. 60582935 16-3-2015 y dep banr No.77127839 11-3-2015"
"707","1","83","3","520.00","Deposito","4/13/2015","/"
"708","1","83","3","480.00","Efectivo","4/13/2015","/"
"709","1","195","6","2530.00","Deposito","4/13/2015","Deposito con cheque de otro banco al BI Click 161120"
"710","1","6380","2","8445.00","Cheque","4/13/2015","Cheque Banrural No. 2731"
"711","1","6380","2","7246.00","Cheque","4/13/2015","Ck No. 2684"
"713","1","3630","5","9028.00","Deposito","4/14/2015","Deposito BI Boleta 71230543 el 13/04/2015"
"714","1","664","6","90774.00","Deposito","4/15/2015","Transferencia al BI"
"715","2","3598","32","2142381.98","Deposito","4/15/2015","actualizacion"
"716","2","248","32","11334.43","Deposito","4/15/2015","acrtualizacion"
"717","2","105","32","57323.84","Deposito","4/15/2015","actualizacion"
"718","2","3598","32","101330.82","Deposito","4/15/2015","actualizacion"
"719","1","770","3","395.00","Deposito","4/15/2015","Banrural No 63855491"
"720","1","238","3","583.00","Efectivo","4/15/2015","/"
"721","1","303","3","677.00","Efectivo","4/16/2015","1"
"722","1","2348","2","1255.00","Deposito","4/16/2015","deposito banrural 6 de abril en megaplaza"
"723","1","6041","3","31381.53","Deposito","4/17/2015","No de transferencia desde Nicaragua 1855680204 "
"724","1","5986","25","300.00","Efectivo","4/20/2015","/"
"725","1","7552","3","6145.00","Deposito","4/21/2015","Banrural No 75282143	"
"726","1","6041","3","383.00","Cheque","4/21/2015","Cheque No 07112367 a Nombre de FundaciÃ³n AcciÃ³n Contra el Hambre "
"727","1","6041","3","2025.00","Cheque","4/21/2015","Cheque No 07112390 a Nombre de FundaciÃ³n AcciÃ³n Contra el Hambre "
"728","1","6041","3","840.00","Cheque","4/21/2015","Cheque No 07112398 a Nombre de FundaciÃ³n AcciÃ³n Contra el Hambre "
"729","1","7563","2","5000.00","Deposito","4/21/2015","Deposito Banrural el dia 15 de abril 2015"
"730","1","303","2","450.00","Deposito","4/21/2015","depostio Banrural el dia 21 de abril 2015"
"731","1","1241","3","669.00","Deposito","4/22/2015","No Boleta 861274"
"732","1","1823","3","2000.00","Deposito","4/22/2015","Banrural "
"733","1","654","3","330.00","Deposito","4/23/2015","No boleta banrural 78907715"
"735","1","872","25","300.00","Efectivo","4/23/2015","/"
"736","1","654","3","2300.00","Deposito","4/24/2015","No boleta 7780"
"737","1","3120","3","269.00","Cheque","4/24/2015","Banco Internacional No. 3626-9"
"738","1","6960","33","218.00","Deposito","4/25/2015","/"
"739","1","3079","3","2000.00","Efectivo","4/27/2015","Abono parcial"
"741","1","5986","25","300.00","Efectivo","4/29/2015","impresora del 2015-04-28"
"742","1","352","33","1424.11","Cheque","4/29/2015","Banrural No 2843 a nombre de colegio evangÃ©lico  amigos "
"743","1","121","33","95.00","Efectivo","4/29/2015","/"
"745","1","7687","33","625.00","Efectivo","5/2/2015","/"
"746","1","7677","33","2595.00","Tarjeta","5/2/2015","/"
"747","1","228","3","210.00","Efectivo","5/4/2015","/"
"748","1","770","3","2060.00","Deposito","5/5/2015","No boleta 708187"
"749","1","5986","25","1450.00","Efectivo","5/6/2015","/"
"750","1","2413","33","2210.00","Cheque","5/6/2015","Banrural Boris Ruben Lara - Cheque No. 786"
"751","1","290","33","618.00","Cheque","5/6/2015","Banrural Distribuidora de Teculutan No. 16435"
"752","1","7408","2","4000.00","Deposito","5/8/2015","boleta Banrural No. 81607713 5 de mayo 2015"
"753","1","228","3","14412.00","Deposito","5/7/2015","No Boleta 8393505"
"754","1","318","3","3795.00","Deposito","5/7/2015","No boleta 86470550"
"755","1","4115","3","445.00","Deposito","5/7/2015","bOLETA 75725800"
"756","1","654","3","130.00","Deposito","5/7/2015","8646 nO BOLETA BANRUARAL"
"757","1","692","33","954.00","Efectivo","5/8/2015","abono de mouses y teclados"
"758","1","5527","2","300.00","Efectivo","5/8/2015","abono en efectivo, de la ultima quincena de abril"
"759","1","761","2","306.00","Efectivo","5/8/2015","Pago en efectivo, con ultimo pago de marzo"
"760","1","5986","33","500.00","Efectivo","5/8/2015","/"
"761","1","3004","5","150.00","Efectivo","5/9/2015",".
"
"762","1","5493","3","420.00","Efectivo","5/11/2015","/"
"763","1","6396","3","500.00","Efectivo","5/11/2015","/"
"764","1","3755","3","240.00","Efectivo","5/11/2015","/"
"765","1","6041","33","520.00","Cheque","5/11/2015","Cheque de Banco G&T continental No. 7112469"
"766","1","6041","33","4199.00","Cheque","5/11/2015","Cheque Banco G&T Continental No. 7112543"
"767","1","6041","33","4199.00","Cheque","5/11/2015","Banco G&T Continental No. 7112544"
"768","1","6041","33","4199.00","Cheque","5/11/2015","Banco G&T Continental No. 7112545"
"769","1","1607","33","1250.00","Efectivo","5/12/2015","/"
"770","2","3598","32","92978.92","Deposito","5/12/2015","ActualizaciÃ³n de Deuda"
"771","1","655","6","37180.00","Deposito","5/12/2015","Depostio a banrural con cheque de otros bancos 86695922"
"772","1","664","6","16129.00","Deposito","5/12/2015","Transferencia al BI"
"773","1","5","33","4000.00","Efectivo","5/12/2015","/"
"774","1","962","3","3338.00","Cheque","5/12/2015","No 748 y 747 banrural "
"775","1","110","3","2795.00","Deposito","5/14/2015","508609 deposito banrural "
"776","1","5527","2","300.00","Deposito","5/14/2015","Descontado de quincena, 15 de mayo"
"777","1","548","5","20613.00","Deposito","5/15/2015","Deposito en Banrrural. No. 79014727"
"778","1","548","5","35853.00","Deposito","5/15/2015","Dep No. 79014728 en Banrrural"
"779","1","309","25","4300.00","Efectivo","5/19/2015","/"
"781","1","2346","25","465.00","Cheque","5/20/2015","de Bancor. No 4460 / pago de cartuchos pendientes "
"782","1","2557","36","285.00","Efectivo","5/20/2015","/"
"784","1","1623","33","169.00","Efectivo","5/21/2015","/"
"785","1","3630","5","6315.00","Deposito","5/21/2015","Deposito en BI Boleta No. 75449002"
"786","1","5870","33","2514.00","Efectivo","5/21/2015","abono la venta No. 25458 y la No. 25324"
"787","1","770","3","595.00","Deposito","5/21/2015","75724856 No boleta banrural "
"788","1","4212","27","150.00","Efectivo","5/22/2015","/"
"789","1","135","5","660.00","Deposito","5/22/2015","Deposito en Banrrural"
"790","1","5269","33","55.00","Efectivo","5/25/2015","Pago de tinta Negra de Epson"
"791","1","5974","3","115.00","Deposito","5/25/2015","deposito "
"792","1","7882","5","1400.00","Deposito","5/26/2015","Deposito en Banrrural el 25/5/15"
"793","2","3598","32","199865.86","Deposito","5/26/2015","Actualizacion deuda Bodega"
"794","1","5986","5","400.00","Efectivo","5/26/2015","."
"796","1","7708","3","93.00","Efectivo","5/26/2015","/"
"798","1","1141","33","839.00","Efectivo","5/27/2015","/"
"799","1","4363","3","100.00","Deposito","5/27/2015","banrural "
"800","1","3347","3","285.00","Deposito","5/27/2015","No boelta 75733263"
"801","1","3120","33","370.00","Cheque","5/28/2015","Orden de Facturacion No. 24261 - Cheque Banco Internacional No. 003657-4 - Pago Por Mochilas Klip"
"802","1","309","25","2450.00","Efectivo","5/28/2015","/"
"803","1","5527","2","300.00","Deposito","5/28/2015","Descontado de ultima quincena de mayo"
"804","1","6372","3","549.00","Deposito","5/29/2015","banrural "
"805","1","664","6","30658.00","Deposito","5/29/2015","Transferencia al BI"
"806","1","371","3","5799.00","Deposito","5/29/2015","/"
"807","1","371","3","5182.00","Efectivo","5/29/2015","abonado por Don marlon en efectivo acompaÃ±ado de wilder flores "
"808","1","5392","33","996.00","Cheque","5/30/2015","
Cheque de Banrural No. 127"
"809","1","3004","33","100.00","Efectivo","5/30/2015","/"
"810","1","872","25","1556.00","Cheque","6/2/2015","abono cheque 01915 del industrial "
"812","1","872","25","4542.00","Cheque","6/2/2015","cheque # 01916"